{
  "aggregate_criticality_rate": 0.16083317666431124,
  "deduplicated_critical_total": 24809,
  "raw_criticality_rate": 0.351824599845708,
  "total_critical_writes_raw": 54270,
  "total_dereferences": 168826,
  "total_baseline_writes": 154253,
  "total_noncritical_writes": 7447,
  "n_projects": 28,
  "n_projects_with_data": 28,
  "median_rate": 0.17199790246460409,
  "q1_rate": 0.14847161572052403,
  "q3_rate": 0.1937818279281694,
  "min_rate": 0.07272727272727272,
  "max_rate": 0.25811541929666365,
  "mean_rate": 0.16614879414392278,
  "critical_heap_write": 19474,
  "critical_heap_write_pct": 0.3588354523677907,
  "critical_feeds_conditional": 14789,
  "critical_feeds_conditional_pct": 0.2725078312142989,
  "critical_feeds_return": 4914,
  "critical_feeds_return_pct": 0.09054726368159204,
  "critical_escapes_call": 12222,
  "critical_escapes_call_pct": 0.22520729684908788,
  "critical_persistence_io": 217,
  "critical_persistence_io_pct": 0.003998525889073153,
  "critical_resource_mgmt": 2654,
  "critical_resource_mgmt_pct": 0.04890362999815736,
  "compound_heap_cond": 6324,
  "compound_rsrc_cond": 1485,
  "compound_ret_cond": 3199,
  "compound_call_cond": 8144,
  "compound_heap_ret": 1958,
  "compound_heap_call": 5468,
  "compound_rsrc_ret": 411,
  "total_compound_to_cond": 19331,
  "overlap_matrix": {
    "call+rsrc": 1452,
    "call+cond": 8144,
    "heap+rsrc": 1075,
    "cond+heap": 6324,
    "call+io": 214,
    "cond+io": 179,
    "call+heap": 5468,
    "call+ret": 2664,
    "cond+ret": 3199,
    "cond+rsrc": 1485,
    "heap+ret": 1958,
    "ret+rsrc": 411,
    "heap+io": 86,
    "io+rsrc": 63,
    "io+ret": 26
  },
  "overlap_per_cat": {
    "heap": 13585,
    "call": 12181,
    "rsrc": 2503,
    "cond": 13315,
    "io": 214,
    "ret": 4888
  },
  "ip_return_to_cond": 2122,
  "ip_outparam_to_cond": 757,
  "ip_total": 2879,
  "extended_criticality_rate": 0.179497319339008,
  "intra_cond_total": 13315,
  "intra_cond_compound": 19331,
  "intra_cond_pure": 13315,
  "inter_cond_total": 2879,
  "total_cond_flows": 16194,
  "total_cond_rate": 0.10498337147413665
}